Opening Word,Word of the Day,Number of Tries
Hoard,Elder,5
Soare,Frame,6
Curve,Humor,Lost
Crane,Pause,4
Soare,Ulcer,5
Crane,Ultra,4
Spare,Robin,4
Trace,Cynic,5
Brain,Aroma,4
Crave,Caulk,5
Cupid,Shake,4
Price,Dodge,4
Prone,Swill,5
Laser,Tacit,6
Creak,Other,5
Graze,Thorn,5
Train,Trove,2
Proud,Bloke,5
Vulva,Vivid,2
Petit,Spill,3
Court,Chant,3
Crude,Choke,2
Craze,Rupee,6
Brain,Nasty,2
Grail,Mourn,5
Crain,Ahead,5
Vulva,Brine,Lost
Grain,Cloth,3
Train,Hoard,2
Roast,Sweet,4
Prone,Month,4
Grove,Lapse,3
Boner,Watch,5
Drove,Today,3
Clown,Focus,3
Frown,Smelt,3
Cruel,Tease,4
Bored,Cater,6
Spare,Movie,5
Grove,Saute,3
Score,Allow,5
Chore,Renew,4
Scarf,Their,4
Trunk,Slosh,5
Drain,Purge,4
Spade,Chest,5
Prove,Depot,4
Spore,Epoxy,2
Noise,Nymph,5
Smear,Found,5
Stole,Shall,3
Broad,Stove,3
Lover,Snout,5
Scout,Trope,3
Smile,Fewer,6
Prize,Shawl,5
Stone,Natal,5
Spade,Foray,4
Trail,Scare,3
Grave,Stair,4
Crate,Black,6
Cream,Squad,4
Horse,Royal,5
Moron,Chunk,5
Court,Mince,3
Roast,Cheek,6
Voice,Ample,4
Crown,Flair,5
Store,Cargo,4
Brail,Oxide,6
Morse,Olive,3
Poser,Heist,5
Stork,Shown,3
Grove,Trash,3
Noser,Larva,4
Cower,Fordo,Lost
Pride,Story,4
Dream,Train,4
Roman,Homer,6
Ropes,Badge,6
Shore,Midst,5
Probe,Canny,Lost
Burns,Shine,3
Cream,Gecko,5
Pound,Slung,4
Grunt,Tipsy,5
Mouth,Metal,3
Stone,Scour,3
Crave,Glass,5
Bendy,Gamer,4
Those,Scrap,4
Crowd,Album,6
Porno,Vouch,4
Mouth,Asset,6
Trend,Tiara,5
Smear,Crept,5
Spoke,Atoll,5
Stole,Manor,4
Heard,Creak,4
Spice,Showy,4
Aisle,Phase,3
Scale,Froth,5
Prone,Flood,5
Plumb,Trait,5
Space,Girth,4
Aisle,Goose,5
Quirk,Float,6
Carol,Donor,3
Brain,Atone,3
Quiet,Primo,4
Perch,Apron,3
Plaid,Blown,3
Clove,Cacao,4
Pulse,Loser,3
Short,Gloat,5
Pound,Awful,6
Grasp,Brink,4
Trove,Smite,6
Clear,Beady,3
Trove,Rusty,4
Clear,Retro,5
Penis,Droll,5
Grasp,Gawky,6
Trove,Hutch,6
Decor,Pinto,4
Prove,Egret,6
Chair,Lilac,4
Blast,Sever,5
Crisp,Field,3
Bidet,Fluff,5
Spank,Agape,4
Close,Voice,3
Trice,Stead,6
Great,Night,3
Valid,Bland,3
Blaze,Liver,3
Cruel,Wedge,5
Clown,Roomy,6
Proxy,Wacky,4
Penny,Flock,4
Pours,Angry,5
Crust,Trite,5
Blood,Aphid,5
Crisp,Tryst,6
Spoil,Midge,5
Plank,Power,4
Creak,Elope,5
Stork,Cinch,6
Prowl,Motto,5
Scale,Stomp,4
Rouse,Upset,4
Dance,Bluff,4
Snuck,Crapy,Lost
Tiger,Quart,5
Bears,Coyly,Lost
Drone,Youth,5
Crate,Rhyme,4
Stump,Buggy,5
Grate,Alien,4
Plumb,Smear,3
Trail,Unfit,3
Gland,Patty,4
Brash,Cling,6
Bland,Glean,3
Grail,Label,6
Greed,Hunky,5
Stair,Khaki,5
Smart,Poker,6
Brand,Gruel,5
Feral,Twice,5
Grope,Shrug,4
Scrum,Treat,5
Crown,Waste,4
Scowl,Merit,5
Shire,Woven,5
Scalp,Needy,5
Spawn,Clown,5
Trove,Irony,3
Store,Ruder,6
Robot,Gauze,Lost
Satin,Onset,3
Story,Prize,5
Grail,Fungi,4
Alert,Charm,3
Slain,Gully,5
Flair,Inter,5
Tores,Whoop,5
Train,Theme,4
Mould,Tibia,5
Trove,Alpha,5
Crisp,Thyme,3
Groan,Doubt,4
Brail,Parer,5
Store,Chute,4
Prank,Trice,4
Crest,Alike,4
Smile,Recap,4
Grain,Saint,4
Blast,Glory,4
Lover,Grate,5
Ports,Admit,4
Guard,Brisk,4
Trove,Soggy,5
Smite,Scald,5
Strap,Leave,3
Drove,Twine,5
Grate,Sting,4
Plant,Bough,4
Clove,Marsh,3
Scare,Sloth,3
Prost,Vigor,4
Broth,Howdy,3
Roast,Enjoy,4
Plate,Valid,3
Brain,Ionic,4
Cramp,Equal,5
Grope,Floor,4
Tiger,Catch,3
Gland,Spade,3
Scram,Stein,3
Swine,Exist,4
Pound,Quirk,6
Organ,Denim,3
Storm,Grove,4
Stark,Spiel,4
Grown,Mummy,Lost
Crows,Fault,6
Trove,Foggy,4
Blend,Flout,5
Steal,Sneak,3
Stove,Libel,4
Stern,Waltz,6
Bloat,Aloud,5
Grasp,Photo,6
Plows,Dream,3
Pound,Stale,3
Bread,Begin,4
Crown,Spell,4
Cares,Rainy,5
Cramp,Unite,4
Blade,Medal,4
Goals,Maple,3
Scowl,Snarl,3
Sport,There,3
Slice,Glyph,4
Relay,Avert,4
Shaft,Brave,4
Split,Prime,4
Scram,Drive,3
Peril,Feast,4
Tores,Itchy,5
Brail,Happy,4
Sperm,Adore,3
Proud,Woken,5
Plate,Amber,3
Abort,Braid,5
Plumb,Naive,5
Plank,Apply,3
Court,Spoke,5
Blitz,Usual,6
Plush,Rival,4
Grate,Probe,4
Skirt,Chord,4
Storm,Slate,2
Trash,Third,3
Trail,Lunar,5
Flash,Poise,5
Scrap,Judge,5
Stove,Condo,5
Moule,Impel,5
Musty,Havoc,5
Feral,Molar,5
Morph,Manly,5
Pours,Whine,3
Clown,Skirt,3
Stick,Antic,4
Grasp,Layer,5
Baton,Sleek,4
Leaks,Lemon,3
Split,Leapt,3
Boast,Human,3
Spade,Koala,4
Stand,Spire,4
Gland,Frock,5
Skull,Mucky,4
Pinch,Alter,5
Flare,Blurb,5
Plank,Matey,5
Pound,Beefy,4
Flank,Tasty,4
Growl,Ninth,4
Gland,Heady,5
Chard,Kiosk,3
Bully,Sweat,4
Heart,Ruddy,4
Gouge,Polka,4
Shout,Above,5
Mouse,Squat,5
Plows,Trend,4
Power,Toxic,4
Pussy,Pinky,4
Glaze,Where,4
Pours,Revel,5
Bread,Email,3
Limbo,Birth,3
Veils,Sweep,5
Broch,Cider,3
Thigh,Mealy,4
Poise,Tough,4
Bound,Bread,3
Evoke,March,4
Ethic,Stock,2
Flash,Smash,3
Fluid ,Agony ,6
Spoil,Range,5
Cloth,Clerk,4
Clerk,Bagel,6
Bagel,Hater,5
Hater,Ranch,4
Ranch,Covet,3
Covet,Irate,6
Irate,Venom,3
Venom,Windy,2
Windy,Cower,5
Cower,Topaz,3
Topaz,Droop,3
Droop,Flyer,6
Flyer,Flank,4
Flank,Burly,Lost
Burly,Whale,4
Whale,Hobby,6
Hobby,Wheel,6
Wheel,Heart,5
Heart,Disco,4
Disco,Curly,3
Curly,Party,5
Party,Chart,4
Chart,Anode,5
Anode,Polyp,5
Polyp,Brook,Lost
Brook,Bully,5
Bully,Lover,4
Lover,Empty,5
Empty ,Hello,5
Hello,Wrath,3
Wrath,Spice,4
Spice,Wordy,5
Wordy,Choir,4
Choir,Write,4
Write,Caper,4
Caper,Giddy,5
Giddy,Birch,5
Birch,Dwell,6
Dwell,Rouse,4
Rouse,Quote,3
Quote,Older,3
Older,Whisk,4
Whisk,Clear,4
Clear,Rayon,4
Rayon,Angel,3
Angel,Music,3
Music,Close,4
Close,Stone,3
Stone,Brush,3
Brush,Carol,4
Carol,Loyal,4
Loyal,Smile,5
Smile,Coach,4
Coach,Merry,6
Merry,Skunk,6
Skunk,Mercy,4
Mercy,Leash,4
Leash,Resin,3
Resin,Shift,5
Shift,Chain,3
Chain,Built,5
Built,Slope,4
Slope,Evoke,4
Evoke,Phone,3
Phone,Salty,4
Salty,Mural,5
Mural,Cable,4
Cable,Stony,4
Stony,Threw,5
Threw,Brief,4
Brief,Route,5
Route,Stole,4
Stole,Thing,4
Thong,Still,5
Still,Relic,3
Relic,Place,3
Plate,Scram,4
Scram,Price,3
Price,Piper,4
Piper,Smith,3
Smith,Often,4
Often,Forty,4
Forty,Cheer,5
Cheer,Risen,4
Risen,Towel,5
Towel,Mayor,6
Mayor,Force,4
Force,Breed,5
Breed,Stall,4
Stall,Tutor,5
Tutor,Swish,4
Swish,Titan,6
Titan,Bevel,Lost
Bevel,Minus,4
Minus,Organ,4
Organ,Manga,5
Manga,Deter,6
Deter,Vault,6
Vault,Grind,5
Grind,Scent,6
Scent,Bugle,5
Bugle,Buddy,Lost
Buddy,Debut,5
Debut,Crush,4
Crush,Scoff,5
Scoff,Quite,4
Quite,Speck,4
Speck,Smock,4
Smock,Skiff,5
Skiff,Lanky,4
Lanky,Crown,Lost
Crown,Widen,3
Widen,Owner,3
Owner,Swell,2
Swell,Flown,4
Flown,Slang,3
Slang,Dogma,3
Dogma,Spear,4
Spear,Scrum,4
Scrum,Chase,5